Link,Title,Location,Summary
https://kr.indeed.com/viewjob?jk=016de9bb83a8032d,JR0186078 AI Research Engineer Intern,서울,"architectures, and optimization strategiesProgramming skills with Python/C++Experience working with one or more deep learning..."
https://kr.indeed.com/viewjob?jk=cae2de07045cfb2b,"Java, Python 영상툴 개발자",서울 마곡동,원하면 가능) 담당업무 - 영상 라벨링 Tool 개발 - Tool 정확성 개선 자격요건 - Java - Python 우대사항 - 관련 개발 경력 - 툴개발 경력 근무조건 - 월~금 AM9:30 ~ PM18:30 복지...
https://kr.indeed.com/viewjob?jk=e388dcd8eaea288a,[HDC 랩스] 2022년 상반기 경력 공개,서울특별시,레이크 구축/운영 PM 경험 2년 이상 · Amazon EMR 구축/활용 경험 2년 이상 · Java or python 개발 경험 1년 이상 0명 연구개발 정보보호기획 [담당업무] · 정보보호 관리체계(정책/가이드) 수립 및...
https://kr.indeed.com/viewjob?jk=de6547a5f2894d76,리서치(사회조사/마케팅/시장조사) 연구원 신입/경력 정규직,서울 성동구,"PowerPoint 이용 문서작성 능숙자 SPSS, AMOS, R, Python 등 관련 툴 사용 가능자 주식회사 리서치앤유 리서치(사회조사/마케팅... 숙자SPSS, AMOS, R, Python 등 관련 툴 사용 가능자 1 명..."
https://kr.indeed.com/viewjob?jk=97aa1e0f915cddbf,일반직 경력직원 모집[정보보안 전문가],서울 여의도,"분야 학위 전공자 ㆍSIEM 및 보안장비 운영 경험자 ㆍ정보보호 관제분야 실무 경험 ㆍC++, JAVA, Python 등 개발 경력 주1) 0명 채용 예정(인원은 변경 가능) 주2) [필요기술] 中 최소 1개 이상 충족할..."
https://kr.indeed.com/viewjob?jk=3a78c0a469e6ad94,"고객 데이터 관리 컨설턴트, 설비 데이터 관리 컨설턴트(과장~이사급), S그룹 경영컨설팅회사",서울 송파구,"참여 가능자 (필수)- 문서 작성 및 PPT/Excel 역량 (필수)- 데이터 분석 가능자 (R, SAS, Python 등 사용자) (선호)* 채용회사 : 적격한 후보자에 한하여 공개 전문직·법률·인문사회·임원>임원·경영분..."
https://kr.indeed.com/viewjob?jk=7f835dd4e3f3adb1,Smart TV 서비스 백엔드 서버 개발자,서울 강서구,"및 역량 - 자료구조, 알고리즘, 분산처리, DB, 선형대수, 기초통계 등 전산학 지식 보유 - JAVA, Python 등 서버 플랫폼 개발 언어 및 관련 프레임워크 활용 개발 경험 - MVC 프레임웍 기반의 웹 서비스 나..."
https://kr.indeed.com/viewjob?jk=e30fe92d72ceb17c,"자율 주행, 로봇 SW 개발자",성남 수정구,"(주)에바 모집부문 및 자격요건 모집부문 담당업무 자격요건 인원 자율주행 SW 엔지니어 Python응용SW [담당업무]ROS 개발, 로봇 주행 알고리즘 개발, SW Optimization[근무부서 및 직급/직책]근무부서: 개발팀..."
https://kr.indeed.com/viewjob?jk=229eb9cfd32480ed,A.I.개발자,서울 송파구,"서비스 모델 IOT 플랫폼에 적용✔️ 필요 역량입니다.- 관련 경력 3 ~ 10년 이하 이신 분- python 언어를 통한 분석 가능하신 분- 리눅스 기반 개발 가능하신 분- 다양한 직군과의 커뮤니케이션, 다양한 상황에 대한..."
https://kr.indeed.com/viewjob?jk=0b15c7881ef76f10,"서버엔진 개발자 정규직 직원 ( C++, Python )",서울 금천구,"Python ) 모집부문 및 자격요건 모집부문 개발자 (JAVA, PYTHON) 모집직무 응용프로그램개발, Linux, Java, Python 모집학... 프로그래머>JAVA|인터넷·IT·통신·모바일·게임>웹프로그래머> Python"
https://kr.indeed.com/viewjob?jk=37c382ee0efd5bd9,Customer Experience Innovation Manager,서울 강남구,통계·SAS|인터넷·IT·통신·모바일·게임>데이터베이스·DBA>SQL|인터넷·IT·통신·모바일·게임>응용프로그래머> Python|고객상담·TM>고객상담·관리·수퍼바이저>고객지원|고객상담·TM>고객상담·관리·수퍼바이저>고객상담
https://kr.indeed.com/viewjob?jk=80f2346a8552a619,Data Center Operations Engineer,서울,"skills - Bash, Python, Perl, etc. Project... 년 이상의 서버 하드웨어 문제 해결 경험 스크립팅 기술 - Bash, Python, Perl 등 보유자 프로젝트 관리 경험 유창한 한국어/영어 커뮤니..."
https://kr.indeed.com/viewjob?jk=6d86e9f32d31c84f,Data 분야 경력,서울,"해가 뛰어난 자 - R, Python, SAS, SQL 등 활용 역량 우대사항(해당 내용 중 1개 이상) - ML/DL 경험 인력 우대 - 관련 분야 석사 이상 학위 소지자 우대 - R, Python등 데이터분석 모델링 경험..."
https://kr.indeed.com/viewjob?jk=0beebb8ef8b44601,빅데이터 엔지니어 전문가,성남 분당구,"Model 발굴 및 구축이런 분을 찾습니다.필요 역량 및 직무경험· Python, Scala, Java 등 1개 이상의 프로그래밍 능력· 통계 기반... 통신·모바일·게임>응용프로그래머> Python|인터넷·IT·통신·모바일·게임..."
https://kr.indeed.com/viewjob?jk=14d562d10c215572,"PHP, Python 신입/경력 정규직",서울 금천구,"주식회사 비즈부스터 PHP, Python 개발자 채용 모집부문 및 자격요건 담당업무 자격요건 인원 [담당업무]*당사의 서비스(비즈탑) 솔루션 및 서비... 프로그래머>PHP |인터넷·IT·통신·모바일·게임>웹프로그래머> Python"
https://kr.indeed.com/viewjob?jk=a91e307a449bbf1f,"Charging Operations Specialist, APAC Charging (English Speaker Needed)",서울 강남구,"Data science experience including coding/scripting skills ( Python/Ruby/JS/Perl... plus. Collaborative, team oriented..."
https://kr.indeed.com/viewjob?jk=d158e683dc0b7500,파이썬 개발자 초중급 이상,서울 서초구,전형 접수방법 채용시 접수방법: 인크루트 채용시스템 접수양식: 인크루트 이력서 기타 유의사항 입사지원서 및 제출서류에 허위사실이 있을 경우 채용이 취소될 수 있습니다. 인터넷·IT·통신·모바일·게임>응용프로그래머> Python
https://kr.indeed.com/viewjob?jk=c75a7298e1b2af73,Data 분석 경력 모집,서울 중구,"Marketing DB 추출 Web/App. Log Data 분석 SQL, R, Python을 이용한 데이터 분석 역량(SQL필수, R/ Python 선택적) Excel 활용 및 Data Handling 마케팅 정형..."
https://kr.indeed.com/viewjob?jk=f0c7c08485085240,[마비노기모바일] 연구 개발 프로그래머,서울 강남구,"험을 풍성하게 할 기술 개발 작업에 참여합니다.- 머신러닝, VR 등 신기술을 탐색, 실험합니다.- C#, Python, Javascript 등 다양한 언어와 환경을 사용합니다. 인터넷·IT·통신·모바일·게임>게임(Game..."
https://kr.indeed.com/viewjob?jk=62036c095810304b,[진행중] AI사업부 전문직(인공지능[AI] 모델링 알고리즘) 채용공고,서울 회현동,"중 한 가지 이상 충족) - AI 알고리즘 기반 모델 설계 및 서비스 기획 또는 운영 경험 보유 - Python, R 등 프로그래밍 활용 역량 보유 - 딥러닝 프레임워크(Tensorflow, PyTorch 등) 기반..."
https://kr.indeed.com/viewjob?jk=064c1a49648f7366,Data Engineer (Platform) (토스신용데이터),서울 강남구,모바일·게임>빅데이터·AI(인공지능)>데이터분석|인터넷·IT·통신·모바일·게임>ERP·시스템분석·설계>데이터분석|인터넷·IT·통신·모바일·게임>응용프로그래머>JAVA|인터넷·IT·통신·모바일·게임>응용프로그래머> Python
https://kr.indeed.com/viewjob?jk=e9d820b3e4bb069e,데이터 엔지니어 (전문연구요원 가능),서울 강남구,"있으신 분 빅데이터에 대한 알고리즘 작성 및 코딩 능력을 보유하신 분 Python, Java, Scala 중 한 가지 이상 언어에 능숙하신 분 우대사... 게임>빅데이터·AI(인공지능)> Python|인터넷·IT·통신·모바일·게임..."
https://kr.indeed.com/viewjob?jk=86094f443b7e1dfa,[네이버파이낸셜] FDS 데이터분석 담당자,서울,"기획/운영 [자격요건] - 관련 업무 5년 이상 ~ 7년 이하 - 대용량 데이터 분석 가능자 (SAS, R, Python) - 머신러닝/딥러닝의 주요 방법론을 실제로 수행해본 경험자 - Hadoop (Hive/Impala..."
https://kr.indeed.com/viewjob?jk=3544467a7b64376f,[전문연구요원] 의료영상 리서치 엔지니어 정규직,서울 마포구,"학력무관직무기술: VISUALC++, 응용프로그래밍, C·C++, Python, AI개발 2 명 근무조건 고용형태: 정규직(수습기간3개월)근무부서... 머신러닝(ML)|인터넷·IT·통신·모바일·게임>응용프로그래머> Python"
https://kr.indeed.com/viewjob?jk=7108966914d464f9,Data Analyst,서울 강남구,빅데이터·AI(인공지능)>데이터분석|인터넷·IT·통신·모바일·게임>웹프로그래머> Python|인터넷·IT·통신·모바일·게임>응용프로그래머> Python|인터넷·IT·통신·모바일·게임>데이터베이스·DBA>SQL|인터넷·IT·통신...
https://kr.indeed.com/viewjob?jk=3a3f0bb42abb32cf,2022년 상반기 정보보안 엔지니어 - 취약점파트,서울 금천구,"Top 10에 대한 설명과 구현/조치 가능 국내 컴플라이언스 대응 경험 (주요정보통신기반시설 가이드 등) Python 활용자 Kali 및 Metasploit 경험자-군필자, 경력자, 관련 학과 졸업자 우대 * 자격요건과 우대..."
https://kr.indeed.com/viewjob?jk=89b4fc88150e40b6,Data Scientist (토스뱅크),서울 강남구,인터넷·IT·통신·모바일·게임>데이터베이스·DBA>SQL|인터넷·IT·통신·모바일·게임>응용프로그래머> Python|인터넷·IT·통신·모바일·게임>응용프로그래머>머신러닝(ML)|인터넷·IT·통신·모바일·게임>ERP·시스템분석...
https://kr.indeed.com/viewjob?jk=51df90967b46e8f0,[외국계 스타트업 미소] Business Analyst,서울,통신·모바일·게임>빅데이터·AI(인공지능)>데이터분석|인터넷·IT·통신·모바일·게임>빅데이터·AI(인공지능)> Python|인터넷·IT·통신·모바일·게임>데이터베이스·DBA>MySQL|인터넷·IT·통신·모바일·게임>데이터베이스...
https://kr.indeed.com/viewjob?jk=4ae5eb5bb613a826,[클라우드플랫폼실] System Engineering팀 클라우드 엔지니어,서울 강남구,라우드|인터넷·IT·통신·모바일·게임>응용프로그래머>Linux|인터넷·IT·통신·모바일·게임>응용프로그래머> Python|인터넷·IT·통신·모바일·게임>통신·모바일>플랫폼(VM)|인터넷·IT·통신·모바일·게임>ERP·시스템분석...
https://kr.indeed.com/viewjob?jk=8834e7db5f0c2cc3,DBA,서울 강남구,운영 할 수 있는 방안을 만들어요. 인터넷·IT·통신·모바일·게임>데이터베이스·DBA>DBA|인터넷·IT·통신·모바일·게임>데이터베이스·DBA>MySQL|인터넷·IT·통신·모바일·게임>빅데이터·AI(인공지능)> Python
https://kr.indeed.com/viewjob?jk=7fe0c284fbf4045f,CRM 및 마케팅 데이터분석 담당자 - 국내 대기업 계열사,서울,"역량 (SQL 및 SAS, R, Python 등) - 통계 지식 보유 및... 경력자- 대용량 데이터 분석 툴 활용 역량 (SQL 및 SAS, R, Python 등)- 통계 지식 보유 및 데이터 모델링 가능자 우대- CRM 업무..."
https://kr.indeed.com/viewjob?jk=3dd36db897b995de,DL Engineer 정규직/전문연,서울 성동구,"근무부서: 기술팀직급/직책: 팀원 [자격요건]- 딥러닝 엔지니어 경력 2년 이상 (석사 이상 경력 인정)- Python 또는 C++ 중 하나의 언어 능숙하게 사용 가능- PyTorch, Tensorflow 등의 딥러닝 프레임..."
https://kr.indeed.com/viewjob?jk=54761d6b1b4fd029,"백엔드 개발자, 모바일앱 개발자, 블록체인 개발자 경력직",서울 용산구,"우대사항 AWS 숙련자 php , python, 블록체인 관련 개발 경험자... spring linux SQL [우대요건] AWS 숙련자 php , python, 블록체인 관련 개발 경험자 3명 모바일앱개발(1名) [담당업무..."
https://kr.indeed.com/viewjob?jk=22ffe020e40de675,[포티투마루] 인공지능(AI) 개발자 전 부문,서울 서초구,인터넷·IT·통신·모바일·게임>빅데이터·AI(인공지능)> Python|인터넷·IT·통신·모바일·게임>빅데이터·AI(인공지능)>머신러닝|인터넷·IT·통신·모바일·게임>빅데이터·AI(인공지능)>딥러닝|인터넷·IT·통신·모바일·게임...
https://kr.indeed.com/viewjob?jk=788beed819e8b266,메타본부 블록체인 기반 서비스 개발자,성남 분당구,"업무입니다. 블록체인 기반 서비스 개발을 합니다.(웹 서비스) 이런 경험을 가진 분을 찾습니다. Java, Python, Javascript 기반 언어 중 한 가지 이상 능숙하신 분을 찾습니다.MySQL, noSQL 등 다양..."
https://kr.indeed.com/viewjob?jk=413dacbda91de265,"프론트엔드, 웹개발 외 신입/경력 정규직",서울 강남구,"력사항: 학력무관직무기술: 개발, 웹 프론트엔드, 프론트엔드개발, 웹 엔지니어, JAVA개발, app개발, Python, 웹UI, 게임 UI, UI개발, UX기획, 스마트기기UI/UX 0 명 근무조건 고용형태: 정규직(수습기..."
https://kr.indeed.com/viewjob?jk=a27cd33cb789697d,[NHN] 인사운영,성남 판교역,"분 - 꼼꼼하고 책임감 강한 분 - 일에 대한 열정이 있는 분 - 데이터 분석에 대한 지식이 있는 분 ( Python, R 등) 공통지원자격 - 병역필 혹은 면제로 해외여행에 결격 사유가 없는 자 지원방법 - 온라..."
https://kr.indeed.com/viewjob?jk=ad81dea73f1fb3d5,AI 딥러닝 및 데이터분석 개발자 (신입),서울 강남구,프로그래머> Python|인터넷·IT·통신·모바일·게임>웹프로그래머>JAVA|인터넷·IT·통신·모바일·게임>응용프로그래머> Python|인터넷·IT·통신... 인터넷·IT·통신·모바일·게임>빅데이터·AI(인공지능)> Python
https://kr.indeed.com/viewjob?jk=457130ad1d66cc92,[직원] 전산실 개발 인력,서울 종로구,"Javascript 작업 가능자REST API, JSON, XML, ODATA, 공공 API 사용 경험자AI/ML Python 사용 경험자 우대 4) 우대사항 인터넷·IT·통신·모바일·게임>전산·IT기술지원>전산직"
https://kr.indeed.com/viewjob?jk=9070eb520fe264ff,CFX Artist | CFX 아티스트 - Seoul,서울,"similar production environment Maya, Python, and Mel Script experience (a plus... CFX 시뮬레이션 경험 Maya, Python 및 Mel Script 경험..."
https://kr.indeed.com/viewjob?jk=e7e443b717af3b6c,데이터 사이언티스트,서울 강남구,분을 찾습니다. - SQL / Python / R 등 데이터 분석 업무를... 웹프로그래머> Python|인터넷·IT·통신·모바일·게임>응용프로그래머> Python|인터넷·IT·통신·모바일·게임>빅데이터·AI(인공지능)> Python
https://kr.indeed.com/viewjob?jk=f70508d3d422add5,2022 비플라이소프트 인재,서울 광진구,통신·모바일·게임>웹프로그래머> Python|인터넷·IT·통신·모바일·게임... 통신·모바일·게임>응용프로그래머> Python|인터넷·IT·통신·모바일·게임>빅데이터·AI(인공지능)> Python|인터넷·IT·통신·모바일·게임>웹디자...
https://kr.indeed.com/viewjob?jk=bcba0b2f668368ab,[아이티노매즈] S/W 개발자 등 각 부문,서울 구로구,25px 인터넷·IT·통신·모바일·게임>응용프로그래머>JAVA|인터넷·IT·통신·모바일·게임>응용프로그래머> Python|인터넷·IT·통신·모바일·게임>응용프로그래머>머신러닝(ML)|인터넷·IT·통신·모바일·게임>데이터베이스...
https://kr.indeed.com/viewjob?jk=a5e926e1d22cdc11,각 분야별 인재 Pool 등록,서울,"자 - 데이터 분석 툴(Adobe Analytics 또는 Google Analytics) 유경험자 우대 - Python, R, SQL 역량 보유자 우대 - 데이터에 기반한 문제해결 능력 및 통계학적 지식 보유자 우대 - 담당..."
https://kr.indeed.com/viewjob?jk=26e42e384ad3e75b,2022년 인텔AI 인공지능 개발자 양성 프로젝트 교육생,부산,게임>웹프로그래머>Ruby|인터넷·IT·통신·모바일·게임>웹프로그래머> Python|인터넷·IT·통신·모바일·게임>웹프로그래머>ASP.NET|인터넷... 게임>빅데이터·AI(인공지능)> Python|인터넷·IT·통신·모바일·게임...
https://kr.indeed.com/viewjob?jk=0c4b416f92cdc252,스칼라웍스 개발자 (병역특례 전문연구요원 가능),서울 금천구,#영상처리 #Computer Vision #머신러닝 #Machine Learning #Object Detection #Semantic Segmentation #딥러닝 #AI #Deep Learning #객체 지향 프로그래밍...
https://kr.indeed.com/viewjob?jk=afffb99bd42363fc,QA Manager (토스),서울 강남구,품질 개선에 필요한 활동들을 한계 없이 상상하고 실현해요. 인터넷·IT·통신·모바일·게임>컨텐츠·사이트운영>QA|인터넷·IT·통신·모바일·게임>응용프로그래머> Python|인터넷·IT·통신·모바일·게임>응용프로그래머>JAVA
https://kr.indeed.com/viewjob?jk=d659bdecc95df2d1,AI/데이터/차세대추진단 5월 정기,서울특별시,"이터 분석/모델링을 위한 언어(R/ Python 등) 중급 이상, 프로그래밍... 응용기술 개발 - 신기술 리서치 및 적용 2. 필요역량 - Python, C/C++ 등 최소한 하나 이상의 언어 활용역량 - 딥러닝 및..."
https://kr.indeed.com/viewjob?jk=2b9e604e63e7e46d,[카카오커머스] 기술직군,성남 분당구,"우대사항 - 전자금융 감독규정, PCIDSS에 대한 실무 경험이나 이해도가 높으신 분 - JAVA, Python, shell script 등 개발 역량을 갖추신 분 - 웹/앱 취약점 진단 및 모의해킹 역량을 갖추신..."
https://kr.indeed.com/viewjob?jk=c9f08f3ecf32e088,[성과공유기업] 백엔드 개발자,서울 강남구,"WPF, MSSQL 가능자[우대사항] - WPF, .NET Core, Python 개발 경험 있으신 분 - Redis, kafka, MongoDB... 프로그래머>API|인터넷·IT·통신·모바일·게임>응용프로그래머> Python"
https://kr.indeed.com/viewjob?jk=096413355c4cfd86,"Project Manager, Pacific Collision Programs",서울 강남구,"systems, Tableau, Power BI and SQL. Experience with R... Python is a plus. Highly collaborative and team-oriented, while..."
https://kr.indeed.com/viewjob?jk=fda4f91d01cb0f4a,Linux Build System Engineer,서울,"platform 개발 경험 * C/C++ 프로그래밍, Bash 또는 python과 같은 스크립팅 언어 관련 경험 * STL, boost C++ 라이브... Bash or python * Experience with STL..."
https://kr.indeed.com/viewjob?jk=384938caaf89c494,국내 대기업 계열사 - 마케팅 데이터분석 및 CRM 담당자,서울,"역량 (SQL 및 SAS, R, Python 등) - 통계 지식 보유 및... 경력자- 대용량 데이터 분석 툴 활용 역량 (SQL 및 SAS, R, Python 등)- 통계 지식 보유 및 데이터 모델링 가능자 우대- CRM 업무..."
https://kr.indeed.com/viewjob?jk=705f1a36a7fafed3,은행 정보계 DW 시스템 담당자,서울 중학동,MySQL 등) 대용량 쿼리 개발/튜닝 경험을 보유하신 분 - SW 개발 능력을 보유하신 분(Java/ Python 등) 우대사항 - 은행 정보계 시스템(DW/규제/회계/리스크) 운영 경험을 보유하신 분 - 시각화/분석...
https://kr.indeed.com/viewjob?jk=7a6bf68d8c87a24b,신입/경력 SW 개발자,서울 서초구,"2. 기본적인 문서 작성 능력3. 프로그래밍 - Java, JSP, Spring Framwork 개발역량 - Python - C4. 기본적인 DBMS 활용 능력 [근무시간 및 형태] 주 5일 근무 (오전) 9시 00분~(오후..."
https://kr.indeed.com/viewjob?jk=4d3c2ce5dec59f9e,인프라 개발 연구원 (경력),서울 성동구,"ㆍ경력 3년 이상의 인프라 운영 업무 능력ㆍ리눅스 시스템, 네트워크에 대한 운영 경험ㆍShellscript, Python 등 스크립트 작성 능력우대사항ㆍ레드햇(CentOS) 계열 리눅스 운영 경험ㆍ클라우드 인프라 운영 경험ㆍ..."
https://kr.indeed.com/viewjob?jk=1aade07284a3c9b1,eData Analyst,서울,"Excel, R, Sql & Spotfire,Unix/Shell/ Python knowledge ( Atleast one out of R, Python, SQL ) Strong technical knowledge..."
https://kr.indeed.com/viewjob?jk=a91bcf14dd7070ae,[양재역] Node서버 개발자 (사원~과장급),서울 서초구,발자간 의사소통이 원활한 분 - python selenium으로 웹 크롤링... 소통하고 책임감 있는 분[우대사항]- 개발자간 의사소통이 원활한 분- python selenium으로 웹 크롤링을 해본 분- socket 통신 경험자...
https://kr.indeed.com/viewjob?jk=8e91aa6c93de1790,딥엑스 NPU SDK (DXNN) 개발 엔지니어,성남 분당구,통신·모바일·게임>빅데이터·AI(인공지능)>비전인식|인터넷·IT·통신·모바일·게임>빅데이터·AI(인공지능)> Python|인터넷·IT·통신·모바일·게임>빅데이터·AI(인공지능)>머신러닝|인터넷·IT·통신·모바일·게임>빅데이터...
https://kr.indeed.com/viewjob?jk=508bdf77df4f3973,AI 차세대 알고리즘 개발 분야 경력,서울 서초구,"경험 및 역량 3년 이상의 제품 및 서비스를 위한 머신러닝 모델 개발 및 적용 경험 Java, C++, Python, Pytorch 등의 풍부한 관련 언어 프로그래밍 경험 2년 이상의 하기 분야 중 1가지에 대한 경력 (1..."
https://kr.indeed.com/viewjob?jk=65fca4ed269db5fb,[Beluga] 음성 (TTS/STT) 딥러닝 엔지니어 (2년 이상),서울 강남구,력을 보유하신 분 (PyTorch)독창적인 기술 제시 및 문제 해결을 위한 프로그래밍 능력을 보유하신 분 ( Python/shell 등) 이런 경험들이 있다면 저희가 인터넷·IT·통신·모바일·게임>ERP·시스템분석·설계>딥러닝...
https://kr.indeed.com/viewjob?jk=ecc8c80bea0c0868,AI 솔루션팀-NLP 경력사원 채용,서울,학사 이상 졸업자 자연어 처리 관련 연구/개발자 (2년 이상) 머신러닝/딥러닝 모델 연구개발 경력자 Python 프로그래밍 가능자 자연어처리 관련 서비스 개발 경험자 [우대요건] 자연어 처리 관련 석사 학위 이상...
https://kr.indeed.com/viewjob?jk=cb8a9c494f601f65,[Beluga] 음성 (TTS/STT) 딥러닝 엔지니어 (경력 무관),서울 강남구,경험을 보유하신 분독창적인 기술 제시 및 문제 해결을 위한 프로그래밍 능력을 보유하신 분 (C/C++/ Python/shell 등)오픈소스 기반 딥 러닝 프레임워크 활용 능력을 보유하신 분 (PyTorch/TensorFlow...
https://kr.indeed.com/viewjob?jk=64977ff3b8385734,제어 및 시뮬레이션 전문가 경력 (과장급),서울 강남구,"Simulink, C 또는 Python 등) 프로그래밍에 능숙하신 분... 제어 SW 개발 언어(Matlab / Simulink, C 또는 Python 등) 프로그래밍에 능숙하신 분[우대사항]- 팀리더 또는 PM 경험자..."
https://kr.indeed.com/viewjob?jk=c5cbf4f3d8ec369c,데이터 엔지니어 - Global Leading Consulting Firm,서울,통신·모바일·게임>빅데이터·AI(인공지능)>빅데이터|인터넷·IT·통신·모바일·게임>빅데이터·AI(인공지능)> Python|인터넷·IT·통신·모바일·게임>빅데이터·AI(인공지능)>하둡(Hadoop)|인터넷·IT·통신·모바일·게임...
https://kr.indeed.com/viewjob?jk=f565cd2b232340cf,Software Engineer,경기도 성남,"C++ 능숙자 (주요 언어는 C++이며 C#도 활용) Java 및 Python 경험 선호 영어활용 중급 이상 (외국인과 천천히라도 본인의 의견을 표현... C#, JavaScript, Python. Working knowledge..."
https://kr.indeed.com/viewjob?jk=68bc202e1c55c207,[네이버계열사][NIT Service] 네이버 클라우드 플랫폼 기술지원,성남 분당구,"AWS, Azure, KT Cloud 등)- Shell Script, Python 활용 가능 0 명 근무조건 고용형태: 정규직(수습기간3개월)급여조건... Windows|인터넷·IT·통신·모바일·게임>응용프로그래머> Python"
https://kr.indeed.com/viewjob?jk=93f918df37287088,IT 경력직 채용,서울,"Python, Sage Maker, Lambda, Quicksights 등 사용) 3. 자격요건 - 전공무관(컴퓨터공학, 이공계열 우대) 학사 학위자 - Application(.NET 또는 Java 필수, Python 우대..."
https://kr.indeed.com/viewjob?jk=d7765db711b54fa8,[TmaxEdu/R&D] 연구 개발자(2022 공개),성남 분당구,"CSS, JavaScript, TypeScript [Server 개발(사용 언어)] - Java, Python, SQL [Framework(사용 언어)] - React.js, Spring [입사 지원 시 참고 사항..."
https://kr.indeed.com/viewjob?jk=ba2459e05a4b7478,Data Engineer (Kafka) (토스),서울 강남구,응용프로그래머>JAVA|인터넷·IT·통신·모바일·게임>응용프로그래머> Python|인터넷·IT·통신·모바일·게임>빅데이터·AI(인공지능)> Python|인터넷·IT·통신·모바일·게임>빅데이터·AI(인공지능)>하둡(Hadoop...
https://kr.indeed.com/viewjob?jk=d2bbcb27615afe1b,인공지능 활용하여 같이 문제 해결해 나갈 신입 찾습니다.,서울 중구,"집직무인공지능(AI)·빅데이터, 인공지능(AI), TensorFlow, Python, 머신러닝, 빅데이터 모집학력대학원고용형태정규직 인터넷·IT·통신... 게임>빅데이터·AI(인공지능)> Python|인터넷·IT·통신·모바일·게임..."
https://kr.indeed.com/viewjob?jk=62207843f8aee746,"[광고 추천] 데이터 사이언스, 머신러닝 전문가 영입",성남 판교역,"Learning)에 관한 지식과 경험이 풍부한 분 ⁃ 하나 이상의 프로그래밍 언어에 능통한 분 (예, Python, R, Java, Scala, C/C++, Golang 등) ⁃ 석사학위 + 2년 이상 경력, 혹은 학사학위..."
https://kr.indeed.com/viewjob?jk=ab74bd8a25ce7258,ML Model Analyst,서울 강남구,분석 및 해석하고 비즈니스 인사이트로 전환하여 공유해요. 인터넷·IT·통신·모바일·게임>응용프로그래머> Python|인터넷·IT·통신·모바일·게임>응용프로그래머>머신러닝(ML)|인터넷·IT·통신·모바일·게임>빅데이터·AI...
https://kr.indeed.com/viewjob?jk=181991cb8750cd55,해석부문 신입사원 추가 공개채용,서울 가산동,"및 금형파손분석, 주조해석(AnyCasting 사용 가능자 우대) • 업무자동화(Coding, VBA, Python), 인공지능, 딥러닝/머신러닝, 빅데이터 기계, 자동차, 전기전가, 제어 및 관련학과 서울 공통자격..."
https://kr.indeed.com/viewjob?jk=6b2f3387a16accd2,"Associate Application Developer, Professional Services",서울,"languages: Java, Python, Ruby, Node.js... 동등한 수준의 STEM 관련 분야 학사 학위 혹은 경험 * Java, Python, Ruby, Node.js, C # 또는 C ++ 중 하나 이상의..."
https://kr.indeed.com/viewjob?jk=88fd25fcd85ba187,캐롯손해보험 인재 Pool 등록(2021),서울 중구,그래머>웹개발|인터넷·IT·통신·모바일·게임>웹프로그래머>JAVA|인터넷·IT·통신·모바일·게임>웹프로그래머> Python|인터넷·IT·통신·모바일·게임>웹프로그래머>프론트엔드|인터넷·IT·통신·모바일·게임>웹프로그래머>백엔드...
https://kr.indeed.com/viewjob?jk=e16cc52b0a792b02,TDI그룹 2022 각 부문 신입 및 경력 채용,서울 서초구,및 구축 2년 이상 [자격요건] ㆍPHP or JAVA or Python 개발 경력 2년이상 ㆍREST API 설계 개발 경험 ㆍ원활한... ㆍPHP or JAVA or Python 개발 경력 2년이상 ㆍREST...
https://kr.indeed.com/viewjob?jk=35c2ac41489508c1,NPU 런타임 SW 엔지니어,성남 분당구,통신·모바일·게임>응용프로그래머>인공지능(AI)|인터넷·IT·통신·모바일·게임>빅데이터·AI(인공지능)> Python|인터넷·IT·통신·모바일·게임>빅데이터·AI(인공지능)>머신러닝|인터넷·IT·통신·모바일·게임>빅데이터·AI...
https://kr.indeed.com/viewjob?jk=a3f9e4aefeceb83d,[TmaxTibero/R&D] DBMS 개발 부문 서울대학교 주관 대학생 하계 인턴십,성남 분당구,"현업 별 주 사용 언어] - Language: C, C++, Java, Java Script, Python, Perl, Shell - Framework: Spring, React, Node.js - Deployment..."
https://kr.indeed.com/viewjob?jk=4dad388b131f5e2a,[TmaxOS/R&D] OS부문 개발자(2022 공개),성남 분당구,솔루션 개발 [주 사용 언어] - C/C++ - JavaScript/TypeScript - Java - Python 자격요건 (공통) 해외 여행에 결격 사유가 없는 자 - 4년제 대졸(학사) 이상 / 기졸업자 또는 23년...
https://kr.indeed.com/viewjob?jk=0cb4a784529cb1b8,Software Engineer,서울,"languages, including... limited to: C++, Java, C, and Python. Excellent verbal and written communication skills. About..."
https://kr.indeed.com/viewjob?jk=050e9ec2f8975950,"Staff, Data Analyst (ROD)",서울,"Key Responsibilities: Utilize code ( Python, R, SQL etc... extracting, analyzing... package... R or Python Experience..."
https://kr.indeed.com/viewjob?jk=681608bebd3b74e8,GUI 시스템 개발,서울 송파구,로그래머>백엔드|인터넷·IT·통신·모바일·게임>웹프로그래머>프론트엔드|인터넷·IT·통신·모바일·게임>웹프로그래머> Python|인터넷·IT·통신·모바일·게임>웹프로그래머>ASP.NET|인터넷·IT·통신·모바일·게임>웹프로그래머...
https://kr.indeed.com/viewjob?jk=8c8c96a3ffac77f8,데이터 엔지니어 경력 정규직,서울 중구,"Redshift, Snowflake 등) 설계, 개발, 운영 경험• Python/R/dbt, Kafka/Airflow 등을 사용하여 데이터 전처리를... 게임>빅데이터·AI(인공지능)> Python|인터넷·IT·통신·모바일·게임..."
https://kr.indeed.com/viewjob?jk=b5676ea622e11aed,Software Engineer,서울 강남구,"limited to: C++, Java, C, and Python.Excellent verbal and written communication... 로그래머>JAVA|인터넷·IT·통신·모바일·게임>응용프로그래머> Python"
https://kr.indeed.com/viewjob?jk=fd781b9ceff1df86,GNSS/GPS Positioning Solution Developer,서울,"MATLAB - Github • Programming languages - Matlab, Python, and C/C++ • We’re looking for someone who... familiar..."
https://kr.indeed.com/viewjob?jk=bed2cc057a547db9,"Solutions Architcet 전문가 (과장-이사급 00명) , 글로벌 Top 클라우드 서비스 기업",서울 강남구,"루비 (Ruby), 파이썬 ( Python), Node.js 등 · 개발자... 응용프로그래머>클라우드|인터넷·IT·통신·모바일·게임>응용프로그래머> Python|인터넷·IT·통신·모바일·게임>응용프로그래머>머신러닝(ML)|인터넷..."
https://kr.indeed.com/viewjob?jk=6c747a14b86bc843,[전문연구요원] 반도체IP SW 개발자,서울 강남구,c++ c embedded matlab 인터넷·IT·통신·모바일·게임>응용프로그래머>C·C++|인터넷·IT·통신·모바일·게임>응용프로그래머> Python|인터넷·IT·통신·모바일·게임>전산·IT기술지원>S/W 엔지니어
https://kr.indeed.com/viewjob?jk=fda44ea842541974,암호화폐 퀀트 트레이더 경력직,서울 서초구,"개발• 운용 관련 시스템 개발 및 관리자격요건• 암호화폐 혹은 주식/파생 등 트레이딩 경험• 프로그래밍 능력( Python, R 등) 보유• 관련 경력 1~5년우대사항• 채권, 선물, 옵션, 보험 등 전통금융 상품에 대한 이해..."
https://kr.indeed.com/viewjob?jk=b96f47b94d8b88a4,Data Scientist 신입 채용,서울 역삼동,"우순순위에 따른 다양한 모델 개발(ex: 수요예측, 추천/랭킹시스템, 가격최적화) 자격요건 • R/ Python 기반 로그성 데이터 분석과 모델 개발 경험이 있으신 분 • 통계학, 머신러닝 관련 내용을 이해하고 활용가능..."
https://kr.indeed.com/viewjob?jk=e837bcfb73c81cd7,[NAVER Cloud] 빅데이터 분석 플랫폼 개발,성남 분당구,"눅스 환경, 개발 및 운영에 대한 전문적인 지식을 보유- Linux에서 프로젝트 진행 가능- Java, Python,Go 중 한 가지 언어를 능숙하게 사용할 수 있는 능력 인터넷·IT·통신·모바일·게임>응용프로그래머>Linux..."
https://kr.indeed.com/viewjob?jk=d0ca27a97ddf91f9,엔미디어플랫폼 데이터베이스 관리자 (DBA) 인재 안내,성남 분당구,"운영 가능한 분 - DB관련 자격증 보유한 분 - 운영 자동화 스크립트(PowerShell, Shell, Python) 작성 가능한 분 - MongoDB, Redis에 관심 있으신 분 기타사항 - 서류 접수 이후 4주 이내로..."
https://kr.indeed.com/viewjob?jk=13ef6f86810c0843,"2022년 상반기 주식회사 쏘마 전 개발 직군 (백엔드, 프론트엔드 외 신입/경력 정규직)",성남 분당구,트엔드|인터넷·IT·통신·모바일·게임>웹프로그래머> Python|인터넷·IT·통신·모바일·게임>응용프로그래머>C·C++|인터넷·IT·통신·모바일·게임>응용프로그래머> Python|인터넷·IT·통신·모바일·게임>빅데이터·AI(인공...
https://kr.indeed.com/viewjob?jk=f8bfec7bfbdffd0a,애플리케이션 개발자&컨설턴트 정규직,서울 강남구,"Platform 컨설팅> JAVA/ Python/JScript 등의 개발... 경력(연차무관)학력사항: 대학(2,3년)졸업 이상직무기술: java, Python, javascript기타: > Basic SQL, HTML, CSS..."
https://kr.indeed.com/viewjob?jk=8a6b6ce0b31ec8d4,클라우드 분야 경력,서울,"가능하신 분 ② 인프라 운영에 필요한 기본적인 스크립트 작성 능력 보유 - ShellScript, Python, Java 등 우대사항(해당 내용 중 1개 이상) - 대용량 데이터베이스 운영 경험 - OGG, SharePlex..."
https://kr.indeed.com/viewjob?jk=9e154b5b00d09b31,Software Engineer - Python and K8s,서울,"we are building a new community around Python opscode for open source applications... who enjoy Python, have a passion..."
https://kr.indeed.com/viewjob?jk=f8638f3b69d8623e,규제/리스크/회계 시스템 담당자,서울 중학동,RDB(Oracle/MySQL 등) 쿼리 개발 경험을 보유하신 분 - SW 개발 능력을 보유하신 분(Java/ Python 등) 우대사항 - 은행 정보계 시스템(DW/규제/회계/리스크) 운영 경험을 보유하신 분 근무조건...
https://kr.indeed.com/viewjob?jk=134bd42f548315db,Recruitment for Verification Engineer,서울,"ACE) protocol 경험 Verilog HDL, SystemVerilog 사용 경험 Perl, Python 등의 script 사용 경험 C, C++ 사용 경험 UVM 검증 관련 경력자 우대 UVM 검증 경험이..."
https://kr.indeed.com/viewjob?jk=1dac49b3730dbbbe,클라우드(플랫폼 구축/개발/데이터수집연계),서울 마포구,통신·모바일·게임>ERP·시스템분석·설계>분석·설계|인터넷·IT·통신·모바일·게임>ERP·시스템분석·설계>시스템엔지니어|인터넷·IT·통신·모바일·게임>웹프로그래머> Python|인터넷·IT·통신·모바일·게임>웹프로그래머>백엔드
https://kr.indeed.com/viewjob?jk=872035f47cfd4850,자산운용팀 전략/리스크팀 퀀트(겨울방학 인턴),대한민국,공자의 경우 관련 과목 12학점 이상 이수 - Microsoft 엑셀 능숙자 선택 사항 (평가 가산점) - Python 또는 VBA 등 코딩 Skill 보유 - 관련 업종에서 2개월 이상 인턴쉽 또는 근무 경력 보유 - 관련...
https://kr.indeed.com/viewjob?jk=55d6408060164690,AI Researcher,서울 용산구,통계 지식에 대한 이해 및 문제 해결 능력이 뛰어난 분 SQL / Python / R 등 데이터 분석 업무를 수행할 수 있는 하나 이상의 개발 언어를... 게임>빅데이터·AI(인공지능)> Python|인터넷·IT·통신·모바일·게임...
https://kr.indeed.com/viewjob?jk=23a13cbdacf6e086,[NAVER Cloud] 데이터분석가,성남 분당구,BI 툴 활용 가능자- 개발 조직과 협업한 경험 보유자- 논리적 사용 능력과 커뮤니케이션 능력 인터넷·IT·통신·모바일·게임>빅데이터·AI(인공지능)>데이터분석|인터넷·IT·통신·모바일·게임>응용프로그래머> Python
https://kr.indeed.com/viewjob?jk=af846ce8ea8351ab,"Software Engineer, Camera 3A",서울,"driver, hal, framework, and application. Experience in any of Python, Halide, and Neon programming. About the job Google..."
https://kr.indeed.com/viewjob?jk=1601f1bfe3302af5,2022년 상반기 백엔드 개발자,성남 분당구,"및 경력자 우대 - IT관련 경진대회 수상자 우대 - JS, PHP, Python 등 Back End 관련 프로젝트 경험자 우대 - SQL관련 자격증... 진대회 수상자- JS, PHP, Python 등 Back End 관련 프로..."
https://kr.indeed.com/viewjob?jk=9329c57cc2e79669,글로벌운용팀 (~6/12),대한민국,"1. 채용 부문: 글로벌운용본부 글로벌운용팀 2. 자격 요건 (경력 1~5년, 신입 지원 가능) - Python 활용 금융 데이터 처리 및 분석 숙련자 3. 우대 사항 Professional - 금융 관련 AI 알고리즘..."
https://kr.indeed.com/viewjob?jk=3e33fb90418e675a,[INEEJI]예측/최적화 서비스 AI 엔지니어/프론트엔드 개발자,성남 수정구,"개발자 모집직무 인공지능(AI)·빅데이터, 인공지능(AI), 머신러닝, Python, 빅데이터, TensorFlow, 웹개발, 프론트엔드, Python, 백엔드, Java·JSP 모집학력 대학교(4년) 인터넷·IT·통신·모바..."
https://kr.indeed.com/viewjob?jk=d83fc0dd2641f483,전문연구요원 (병역특례) 수시 (AI / SW 분야),성남 분당구,요구 능력] - ASM/C/C++/ Python 언어 코딩 기술 - 운영체제... 경험 - Windows/Linux 상에서 C++/ Python 언어 사용 개발 경험 - C++ / Python 언어 사용 개발 경험 - 객체지향 설계에...
https://kr.indeed.com/viewjob?jk=71e895a76a44fddb,[TmaxFinTech/R&D] AI & FinTech 프론트엔드 개발자(2022 공개),성남 분당구,"전산관련 전공 - 반응형 디자인, 웹 접근성, 웹 표준을 고려한 UI 개발 경험이 있는 분 - Node.js, Python, PHP와 같은 다양한 언어 및 프레임워크 경험이 있는 분 - 테스트 및 배포 자동화 경험이 있는 분..."
https://kr.indeed.com/viewjob?jk=f870e8c6ab4babcf,데이터 엔지니어/클라우드 엔지니어/데이터 플랫폼 개발분야 경력사원,서울특별시,"등) 사용한 대용량 데이터 처리 유경험자 (Customization/Tuning 경험 포함) - Python, Java, JS Framework, Spring Framework 등 프로그래밍 역량 보유 - SQL 능숙하고..."
https://kr.indeed.com/viewjob?jk=5065c4d0bc50d7e3,"[쿠팡PriceTech] Senior, Data Engineer - Pricing text mapping, ES",서울,"경험자 · Java, Python 프로그래밍 가능자 · Spring frame work를 이용한 서비스 개발 경험자 · 방대한 규모의 데이터를 조작, 알고리즘/모델 개발에 필요한 Python/R/SQL/Spark 에..."
https://kr.indeed.com/viewjob?jk=460b8ec177bf9fc4,Data Scientist,서울 강남구,인터넷·IT·통신·모바일·게임>웹프로그래머> Python|인터넷·IT·통신·모바일·게임>응용프로그래머> Python|인터넷·IT·통신·모바일·게임>빅데이터·AI(인공지능)> Python|인터넷·IT·통신·모바일·게임>데이터베이스...
https://kr.indeed.com/viewjob?jk=fe937f1a937ecdca,2분기 게임 클라이언트 개발자 (신입/경력),서울 서초구,C++|인터넷·IT·통신·모바일·게임>응용프로그래머>C#|인터넷·IT·통신·모바일·게임>응용프로그래머>JAVA|인터넷·IT·통신·모바일·게임>응용프로그래머> Python|인터넷·IT·통신·모바일·게임>응용프로그래머>자바스크립트
https://kr.indeed.com/viewjob?jk=5b015b9613812d9d,Customer Data Analyst,서울,"긴밀하게 협업하고 데이터 기반 확장 가능한 서비스 모듈 추가 및 성능 향상에 기여합니다. 필수 조건 Python (pandas, numpy), R, SQL... VBA 사용에 익숙함 물류 프로세스 분석 및 설계..."
https://kr.indeed.com/viewjob?jk=8af26b37623864c4,8퍼센트 개발자 (신입/경력),서울 종로구,개발 금융 데이터 분석과 분석 플랫폼 운영 자격요건 컴퓨터 전공자 또는 웹 개발 경력 1년 이상 우대사항 Python 코드를 무리 없이 읽으실 수 있는 분 Linux/Mac 사용 가능한 분 새로운 기술에 대한 호기심을 가지신...
https://kr.indeed.com/viewjob?jk=8da5c72baf146123,Site Engineer (Seoul),서울,의력과 열정을 가진 분을 찾고 있습니다. 지원자격 필수조건 Linux/Windows 시스템 능숙 C++/ Python/Golang 등 코드 컴파일 및 디버깅 경험 우대조건 물류관련 프로젝트 경험 CS 및 관련 학과 출신...
https://kr.indeed.com/viewjob?jk=b99a9c9009149eb9,[테크] 예측모델 Data Science 경력,서울 종로구,"흐름을 파악하고, 그 원인을 찾아내는 분석가의 업무를 수행합니다. matplotlib, seaborn 등 python 기반의 시각화 그래프, spotfire, powerbi 같은 visualization solution을..."
https://kr.indeed.com/viewjob?jk=b8029d98cafb10ed,이종 산업 라이프 데이터 가치를 발굴할 데이터 사이언티스트,서울 서초구,"산업공학 관련 석사학위 후 경력 5년 이상 2) 필요 역량 - SQL, R , Python을 이용한 데이터 분석 역량 (SQL필수, R/ Python 선택적) - 고객군 분석을 위한 비즈니스 지표 개발 역량 (마이크로 고객 세그..."
https://kr.indeed.com/viewjob?jk=970033f2d54dd370,Datacenter Engineer,서울,"Base Operating System Install • Some experience with Perl, Python, Bash or Java • Core OS Services: ssh, telnet, ftp, nfs..."
https://kr.indeed.com/viewjob?jk=8ab99f09dbabedc5,Software Engineer Intern,서울,"nationals with valid residential status in Korea. Fluent in Python, shell scripts and C/C++. Fluent in JavaScript, HTML..."
https://kr.indeed.com/viewjob?jk=5fe28d1bc366ce0c,프론트 리액티브 네이티브 경력직,서울 강남구,그래머>웹개발|인터넷·IT·통신·모바일·게임>웹프로그래머>JAVA|인터넷·IT·통신·모바일·게임>웹프로그래머>JSP|인터넷·IT·통신·모바일·게임>웹프로그래머> Python|인터넷·IT·통신·모바일·게임>웹프로그래머>프론트엔드
https://kr.indeed.com/viewjob?jk=6ee86ba15e4c58a3,상점 계약 운영기획 담당자,서울 강남구,"심의 커뮤니케이션 역량을 지니신 분 1년 이상의 유관 업무 경험 우대사항 GA, Tableau, SQL, Python 등 기본적인 데이터 분석 역량이 있으신 분 Zapier, Airtable 등 업무 자동화 툴/프로세스 도입..."
https://kr.indeed.com/viewjob?jk=2450d86d0c55842b,DBA (MySQL) (토스페이먼츠),서울 강남구,"DB 이중화 솔루션, CDC 솔루션 등을 동시에 운영하고 있으며 오픈소스 모니터링 솔루션(Grafana, Python, Django)등을 사용하고 있어요.합류하면 함께 할 업무에요안정적인 데이터베이스를 위해서 이중화 솔루션..."
https://kr.indeed.com/viewjob?jk=105e73a65551c9b1,Cloud 기반 Backend 개발자,서울 중구,Lambda 기반 Backend API 개발 및 운영 경험 (필수)– Python 개발 및 SQL 작성 능력 (필수)– Public Cloud(AWS... 웹프로그래머>백엔드|인터넷·IT·통신·모바일·게임>웹프로그래머> Python
https://kr.indeed.com/viewjob?jk=5959896edcf3a8af,디지털미디어[Digital Media] Video 엔지니어 - 글로벌 OTT서비스 기업,서울 강남구,게임>멀티미디어(동영상·음향)>코덱·인코딩|인터넷·IT·통신·모바일·게임>멀티미디어(동영상·음향)>멀티미디어기획|인터넷·IT·통신·모바일·게임>응용프로그래머>클라우드|인터넷·IT·통신·모바일·게임>응용프로그래머> Python
https://kr.indeed.com/viewjob?jk=fea0c5077e0f34d3,알파코 빅데이터 기반 딥러닝 부트캠프 3기 교육생,서울 성동구,통신·모바일·게임>빅데이터·AI(인공지능)>머신러닝|인터넷·IT·통신·모바일·게임>빅데이터·AI(인공지능)> Python|인터넷·IT·통신·모바일·게임>빅데이터·AI(인공지능)>딥러닝|인터넷·IT·통신·모바일·게임>빅데이터...
https://kr.indeed.com/viewjob?jk=f54bac6c78fd3240,코딩에 빠진 수퍼 개발자 (펌웨어 개발),성남 수정구,"학력무관직무기술: 펌웨어(Firmware), Embedded System S/W 개발(판교) c/c++, Python 3 명 근무조건 고용형태: 정규직근무부서: 개발팀급여조건: 연봉 협의 후 결정 전형단계 및 제출서류 전형단..."
https://kr.indeed.com/viewjob?jk=f298e7d7ef7b0e12,클라우드 인프라 플랫폼 관리자,서울 마포구,클라우드|인터넷·IT·통신·모바일·게임>응용프로그래머>JAVA|인터넷·IT·통신·모바일·게임>응용프로그래머> Python|인터넷·IT·통신·모바일·게임>통신·모바일>플랫폼(VM)|인터넷·IT·통신·모바일·게임>ERP·시스템분석...
https://kr.indeed.com/viewjob?jk=4ff8d1c5f3099ce1,기술직 경력사원[스마트팩토리],서울 역삼동,"로봇 고도화 개발 ㆍAI 공정기술 개발 ㆍ전기차 배터리 공정 검토 ㆍ전기전자, 컴퓨터공학, AI 계열 ㆍ Python, R 등 언어사용 우대 ㆍ제조 데이터 분석 경험자 우대 ㆍ유관 업무 경력 4년이상 울산 명 응시..."
https://kr.indeed.com/viewjob?jk=decac6f4c8c79f2f,연구기획 부문 채용,서울 서교동,"분 • 인공지능(AI) 신약개발 업무 경력 3년 이상인 분 [우대사항] • 데이터베이스 관리, 코딩( Python 등), AI 또는 데이터마이닝을 경험하신 분 • 전자연구노트 및 연구정보 시스템 관리를 경험한 분 • 제약사..."
https://kr.indeed.com/viewjob?jk=ec5c7ccd76639120,[외국계 스타트업 미소] Data Analyst,서울,통신·모바일·게임>빅데이터·AI(인공지능)>데이터분석|인터넷·IT·통신·모바일·게임>빅데이터·AI(인공지능)> Python|인터넷·IT·통신·모바일·게임>데이터베이스·DBA>MySQL|인터넷·IT·통신·모바일·게임>데이터베이스...
https://kr.indeed.com/viewjob?jk=55ecf2bc27f04f4b,2분기 웹 개발자 (신입/경력),서울 서초구,인터넷·IT·통신·모바일·게임>웹프로그래머>웹개발|인터넷·IT·통신·모바일·게임>웹프로그래머> Python|인터넷·IT·통신·모바일·게임>소프트웨어·하드웨어>소프트웨어|인터넷·IT·통신·모바일·게임>응용프로그래머>JAVA|인터...
https://kr.indeed.com/viewjob?jk=f1971f45d0caf8ca,개발자 경력/신입 사원 공개 채용,서울 남대문로5가,"전반적인 이해 • 우대사항 - Python 서비스 개발 경험자 - AWS... 경우 '22년 8월 예정자 지원 가능) • 우대사항 - Java, Python, Mysql, C# 등 WEB 개발 경험 정규직 0명 ※ 근무지..."
https://kr.indeed.com/viewjob?jk=3f05bb6e32cb33fb,Vision AI 분야 전문가,서울 중구,대한 이해 – AWS 등의 클라우드 서비스 및 기술에 대한 이해 – Python 기반의 Machine Learning에 대한 기본적인 이해자격요건... 분석·설계>AWS|인터넷·IT·통신·모바일·게임>응용프로그래머> Python
https://kr.indeed.com/viewjob?jk=eab3b103acb85d0a,DL Engineer 계약직/전문연,서울 성동구,"러닝 서비스를 원활하게 제공합니다.[근무부서 및 직급/직책]근무부서: 기술팀직급/직책: 팀원 [자격요건]- Python 또는 C++ 중 하나의 언어 능숙하게 사용 가능- PyTorch, Tensorflow 등의 딥러닝 프레임..."
https://kr.indeed.com/viewjob?jk=19ea187b466768ad,Data Analyst (토스페이먼츠),서울 강남구,제공하고자 합니다.결제 산업의 미래를 함께할 동료를 기다립니다. 인터넷·IT·통신·모바일·게임>응용프로그래머> Python|인터넷·IT·통신·모바일·게임>통신·모바일>스마트폰 어플리케이션(App)|인터넷·IT·통신·모바일·게임...
https://kr.indeed.com/viewjob?jk=50435daddc4725d5,IC 설계자동화(EDA) 아날로그/혼성신호 모델 개발자 (신입/경력),서울 서초구,"회로 설계 유경험자 디지털 시스템 설계 및 검증 유경험자 C/C++, Python 등 코딩 실력자 스스로 목표한 바를 꾸준한 노력을 통해 이뤄본 경험... 그래머>Linux|인터넷·IT·통신·모바일·게임>응용프로그래머> Python"
https://kr.indeed.com/viewjob?jk=37f9a4c57e50cade,Data Engineer(Python Backend 경력자),서울 서초구,인터넷·IT·통신·모바일·게임>웹프로그래머>백엔드|인터넷·IT·통신·모바일·게임>ERP·시스템분석·설계>시스템엔지니어|인터넷·IT·통신·모바일·게임>전산·IT기술지원>유지보수
https://kr.indeed.com/viewjob?jk=b02ac4c4261e0dd7,"Technical Solutions Manager, gTech Customer Experience",서울,"one or more... following languages: Java, C++, or Python. Ability to speak and write in English and Korean fluently..."
https://kr.indeed.com/viewjob?jk=cb26afc4a7e81dcd,[경력직] 소프트웨어 개발 정규직 경력,서울 강남구,"(주)이지서티 JAVA, Python, C, C++, C#임베디드... 게임>웹프로그래머>JAVA|인터넷·IT·통신·모바일·게임>웹프로그래머> Python|인터넷·IT·통신·모바일·게임>웹프로그래머>백엔드|인터넷·IT·통신..."
https://kr.indeed.com/viewjob?jk=c70a61dbd3d5b59d,에너자이에서 역량있는 ML Engineer/Researcher 를 찾습니다!,서울,"Device 탑재될 경량화된 모델 개발-Edge Device 탑재될 경량화된 모델 개발 *[지원 자격]* * Python 을 활용한 프로젝트 수행 경험이 있으신 분 * 딥러닝 프레임워크 (Pytorch, Keras..."
https://kr.indeed.com/viewjob?jk=9885c9aa6be55165,(투자부문) 투자 전문인력 채용,서울,"금융시장 분석에 필요한 Tool 및 언어 가능자(Tableau 등 BI tool, VBA, MATLAB, Python, R 등) 우대 0명 여의도(63빌딩) 한화인의 공고 내 '1:1 문의하기'를 이용해 주시기 바랍니다..."
https://kr.indeed.com/viewjob?jk=3401d79fd1673757,머신러닝 Integration 담당자 영입,서울 중구,게임>빅데이터·AI(인공지능)> Python|인터넷·IT·통신·모바일·게임... 응용프로그래머>JAVA|인터넷·IT·통신·모바일·게임>응용프로그래머> Python|인터넷·IT·통신·모바일·게임>ERP·시스템분석·설계>인공지능(AI) 분석
https://kr.indeed.com/viewjob?jk=19da3484bd7a72f1,Machine Learning R&D 연구원,서울 서초구,"가능) ㆍ최신 딥러닝, 기계학습 이론에 대한 이해 및 구현 역량 ㆍ Python, TnsorFlow, C/C++, TensorRT 등 프로그래밍 실무... 대한 이해 및 구현 역량 ㆍ Python, TnsorFlow, C/C++..."
https://kr.indeed.com/viewjob?jk=e3f3b7e2103d9bc7,"웹개발, 백엔드 외 신입/경력 정규직",서울 강남구,로그래머>웹개발|인터넷·IT·통신·모바일·게임>웹프로그래머>백엔드|인터넷·IT·통신·모바일·게임>웹프로그래머>프론트엔드|인터넷·IT·통신·모바일·게임>웹프로그래머> Python|인터넷·IT·통신·모바일·게임>웹프로그래머>PHP
https://kr.indeed.com/viewjob?jk=b695a39b738f4fe5,Backend Developer (Python/Tech Lead),서울 서초구,"Working as Backend Developer ( Python/Tech Lead) #Python #Backend #TechLead #팀장 요기요 R&D Center는 PO, Developer, QA Engineer..."
https://kr.indeed.com/viewjob?jk=a7f849e2285c77b7,11번가 클라우드 엔지니어,서울 중구,"Kubernetes, Python담당 직무11번가 Infra 조직은 현재... Migration 경험 및 AWS Certification 을 보유하신 분 Python, Shell, Java 등의 언어를 사용하여 운영 관리 도구를..."
https://kr.indeed.com/viewjob?jk=9874329553ce5126,[NAVER Cloud] Media 서비스 개발,성남 분당구,"Spring 환경에 대한 이해 및 다양한 개발 경험 또는 Go, Python, C/C++등을 이용한 플랫폼 개발 경험- 비동기 프로그래밍 등 고성능... 그래머>C·C++|인터넷·IT·통신·모바일·게임>응용프로그래머> Python"
https://kr.indeed.com/viewjob?jk=d6f67adb9feb0f26,"[TmaxMetaverse/R&D] 게임 엔진, 게임 서버, 메타버스 스튜디오, Vision AI 엔진 개발자(2022 공개)",성남 분당구,"개발] - C++ 기반의 개발 경험자 - 멀티쓰레드, 네트워크 프로그래밍 지식 [Vision AI] - Python 기반의 개발 경험자 - Pytorch 및 Tensorflow 기반 Deep learning 모델 연구 경험..."
https://kr.indeed.com/viewjob?jk=cef0ea13108d80c6,IDT 경력 5월,서울 종로구,ABAP|인터넷·IT·통신·모바일·게임>응용프로그래머>JAVA|인터넷·IT·통신·모바일·게임>응용프로그래머> Python|인터넷·IT·통신·모바일·게임>응용프로그래머>인공지능(AI)|재무·회계·경리>세무·회계>SAP BI/BW...
https://kr.indeed.com/viewjob?jk=44f52ea73a6d25da,기술 문서 작성 전문가,성남 분당구,모바일·게임>빅데이터·AI(인공지능)>인공지능(AI)|인터넷·IT·통신·모바일·게임>빅데이터·AI(인공지능)> Python|인터넷·IT·통신·모바일·게임>빅데이터·AI(인공지능)>머신러닝|인터넷·IT·통신·모바일·게임>빅데이터...
https://kr.indeed.com/viewjob?jk=78e99625e5de3c95,전문연구요원 (병역특례) 수시 (AI / HW 분야),성남 분당구,"모델의 RTL IP 설계 및 IP 검증 가능자 - Language: Python/Perl, C/C++ [우대 조건] - ARM based SoC 설계... Linux, shell, tcl, python, perl 사용 원활..."
https://kr.indeed.com/viewjob?jk=c35e9b72a11aa338,[신입/경력] 의료영상/음성인식/생체신호 연구원,서울 서초구,게임>빅데이터·AI(인공지능)>인공지능(AI)|인터넷·IT·통신·모바일·게임>빅데이터·AI(인공지능)>딥러닝|인터넷·IT·통신·모바일·게임>응용프로그래머>C·C++|인터넷·IT·통신·모바일·게임>응용프로그래머> Python
https://kr.indeed.com/viewjob?jk=08e0ca43d0cecb98,[Klaytn] Data Scientist,서울,"협업 및 조언 [ 지원자격 / Qualification ] 기본적인 통계학 및 수학 지식이 있으신 분 Python, SQL에 능숙하신 분 2년 이상의 데이터 분석 경험 커뮤니케이션이 원활하고 함께 일할 줄 아시는 분 문제를..."
https://kr.indeed.com/viewjob?jk=1015284880e2ff62,라인프렌즈 2022년 각 부문 수시,서울 용산구,통신·모바일·게임>웹프로그래머> Python|인터넷·IT·통신·모바일·게임... 자바스크립트|인터넷·IT·통신·모바일·게임>빅데이터·AI(인공지능)> Python|마케팅·광고·홍보·조사>마케팅>마케팅기획|마케팅·광고·홍보·조사>마케...
https://kr.indeed.com/viewjob?jk=2ef118926dc43b32,AI / Big Data 전문가 - 글로벌 전자대기업,서울,통신·모바일·게임>빅데이터·AI(인공지능)>딥러닝|인터넷·IT·통신·모바일·게임>빅데이터·AI(인공지능)> Python|인터넷·IT·통신·모바일·게임>데이터베이스·DBA>데이터사이언스|인터넷·IT·통신·모바일·게임>데이터베이스...
https://kr.indeed.com/viewjob?jk=2a5b207c17d06e56,클라우드 부문 인재,서울 중구,Linux|인터넷·IT·통신·모바일·게임>응용프로그래머>JAVA|인터넷·IT·통신·모바일·게임>응용프로그래머> Python|인터넷·IT·통신·모바일·게임>응용프로그래머>C#|인터넷·IT·통신·모바일·게임>응용프로그래머>ASP...
https://kr.indeed.com/viewjob?jk=8c457f3811ffbf92,[네이버파이낸셜] 데이터 사이언티스트,서울,"해결을 위한 다양한 모델(ML/DL) 개발 [자격요건] - ML/DL 알고리즘에 관한 수학, 통계적 지식 - Python 모델링 library(sklearn, pytorch, tensorflow 등) 사용 경험 [우대사항..."
https://kr.indeed.com/viewjob?jk=67c19d7ac0857ecd,빅데이터 분야,서울,"데이터 분석 모형 개발 ① R, Python, SQL 등 데이터 분석 도구... 분석 관련 자격 보유(빅데이터분석기사, ADsP, ADP 등) - R/ Python/SQL 등을 사용하여 데이터를 핸들링하고 대규모 데이터 셋에서 분석..."
https://kr.indeed.com/viewjob?jk=8190cd1f86a60728,DeepLearning R&D Researcher,서울,"1 ~ 5년 내외 • 자연어 처리(NLP) or 이미지 처리(VISION) 관련 백그라운드를 보유한 분 • Python, C++ 등의 프로그래밍 언어를 1개 이상 자유자재로 다루고 Linux/Shell 환경에 익숙하신 분..."
https://kr.indeed.com/viewjob?jk=64c241d8facd72c6,Python 경력직 개발자 (신한은행 배달앱;땡겨요; 개인화 큐레이션 서비스 운영 개발),서울 중구,직무내용] 담당업무 미식의시대 개인화 큐레이션 서비스 개발 (신한은행 배달앱 땡겨요의 개인화 큐레이션 서비스)자격요건 소프트웨어 엔지니어 경험이 5년 이상이거나 그에 준하는 경험이 있으신 분 개발 생산성에 대해 고민하고 동료...
https://kr.indeed.com/viewjob?jk=5bdbd31484d24289,Data Scientist (토스신용데이터),서울 강남구,이터분석|인터넷·IT·통신·모바일·게임>빅데이터·AI(인공지능)> Python|인터넷·IT·통신·모바일·게임>빅데이터·AI(인공지능)>하둡(Hadoop... 통신·모바일·게임>응용프로그래머> Python|인터넷·IT·통신·모바일·게임...
https://kr.indeed.com/viewjob?jk=b515669e8032265b,[kt ds] 2022년 각 부문별 경력사원 수시,서울 서초구,JAVA|인터넷·IT·통신·모바일·게임>응용프로그래머>C·C++|인터넷·IT·통신·모바일·게임>응용프로그래머> Python|인터넷·IT·통신·모바일·게임>응용프로그래머>자바스크립트|인터넷·IT·통신·모바일·게임>응용프로그래머...
https://kr.indeed.com/viewjob?jk=53c7c22b9dacbbe3,서버 개발자 Python(Django) Developer (경력),서울 마포구,유관직무 경력자 우대 서버 개발자 Python(Django) Developer... 있습니다.■ 자격 요건 인터넷·IT·통신·모바일·게임>웹프로그래머> Python|인터넷·IT·통신·모바일·게임>웹프로그래머>웹개발|인터넷·IT·통신...
https://kr.indeed.com/viewjob?jk=44e123e5f10102f2,각 부문 신입/경력 직원,서울 마포구,통신·모바일·게임>웹프로그래머> Python|인터넷·IT·통신·모바일·게임... 인공지능)> Python|인터넷·IT·통신·모바일·게임>응용프로그래머>인공지능(AI)|인터넷·IT·통신·모바일·게임>응용프로그래머> Python|인터넷...
https://kr.indeed.com/viewjob?jk=8df97f089d8a7d9c,Machine Learning Researcher (Computer Vision),서울,"more than one software language (ex: C, C++, C#, Java, Python, Javascript, Matlab, and so on.) Applicants must have..."
https://kr.indeed.com/viewjob?jk=dd2c5ecf28af4785,영상/음성/청자 인식을 위한 AI Framework 개발자,서울 강서구,"및 제스처를 위한 RF 센서 기반 모델 개발 필요 역량 - C / C++ / Python 언어를 능숙하게 활용할 수 있는 능력 필요 - Python, PyTorch 등 오픈소스 기반 딥 러닝 프레임워크 활용 능력 필요 우대..."
https://kr.indeed.com/viewjob?jk=992f17e9e0140eca,Backend Developer (Python/Senior/6년이상),서울 서초구,"니다.요기요는 국내 최대의 Python 개발 조직으로, 나아가 최고의 개발 조직이 되기 위해 노력합니다. Python 으로 server systems... 다져온 우리의 Python 개발 경험은 새로이 Python 세계에 들어오고..."
https://kr.indeed.com/viewjob?jk=4abf59df14cb4390,서버 개발자 Python(Django) Developer (주니어),서울 마포구,요건- Python/Django 실무 1~3년- RDBMS에 대한 기본 지식- REST API에 대한 기본 지식- AWS 등 클라우드 환경에 대한 관심과 경험 인터넷·IT·통신·모바일·게임>웹프로그래머> Python|인터넷...
https://kr.indeed.com/viewjob?jk=f3c73d17b9f35e27,2022년 AIFFEL AI 인공지능 전문교육,서울 강남구,게임>빅데이터·AI(인공지능)> Python|인터넷·IT·통신·모바일·게임... 로그래머>머신러닝(ML)|인터넷·IT·통신·모바일·게임>응용프로그래머> Python|인터넷·IT·통신·모바일·게임>응용프로그래머>증강현실(AR)|인터넷...
https://kr.indeed.com/viewjob?jk=fcdc3ae2e803744f,"[리얼클래스]백엔드 개발자 (Backend Developer, Python)",서울 강남구,"[프로덕트그룹 소개]퀄슨 프로덕트 그룹은 퀄슨의 연구개발 조직으로, 유저의 학습경험 향상을 위한 제품개발과 운영효율 최적화를 위한 시스템을 만듭니다. 다양한 학습 컨텐츠를 더 나은 환경에서 제공하고, 진단을 통해 학습 효율성을..."
https://kr.indeed.com/viewjob?jk=835324335bc1c7da,[현대무벡스] 경력사원 상시,서울 종로구,ABAP|인터넷·IT·통신·모바일·게임>응용프로그래머>클라우드|인터넷·IT·통신·모바일·게임>응용프로그래머> Python|인터넷·IT·통신·모바일·게임>빅데이터·AI(인공지능)>인공지능(AI)|인터넷·IT·통신·모바일·게임...
https://kr.indeed.com/viewjob?jk=f657ac29e66aa39c,[아도바주식회사] 데이터 분석가,서울 서초구,"핸들링 능력 보유자ㆍ 머신러닝 등 최신 알고리즘을 활용한 실제 비즈니스 문제 해결 경험 보유자ㆍ SQL, Python, R 등 통계/분석 프로그램 능숙자[우대사항]ㆍ 통계학, 수학, 컴퓨터공학 관련 전공 또는 데이터 분석..."
https://kr.indeed.com/viewjob?jk=89da943e9a11af36,각 부문별,서울 서초구,세히보기 FLO 사업 관리 담당자 자세히보기 Data Engineer( Python Backend 경력자) 자세히보기 서비스 기획자(Senior) 자세... 게임>빅데이터·AI(인공지능)> Python|인터넷·IT·통신·모바일·게임...
https://kr.indeed.com/viewjob?jk=a1913552450fe69c,[진행중] AI사업부 전문직(인공지능[AI] 모델링 자연어처리) 채용공고,서울 회현동,"이상 충족) - NLP, TA(Text Analysis) 등 자연어 처리 관련 프로젝트 경험 보유 - Python, R 등 프로그래밍 활용 역량 보유 - 딥러닝 프레임워크(Tensorflow, PyTorch 등) 기반..."
https://kr.indeed.com/viewjob?jk=5ea9ea023c6ccc03,"S/W 엔지니어, 데이터분석 신입/경력 정규직, 인턴",성남 분당구,"케이션 제작 및 유지보수 업무- Python, Golang, QT 중 선택... 2. 시스템프로그래머- Python, Golang, QT 중 선택 가능3. 영상데이터 분석 및 모델링- python기반 영상데이터 분석 및 모델링..."
https://kr.indeed.com/viewjob?jk=d364360d1e0368e3,Python 기반 빅데이터 처리 개발자,서울 서초구,인터넷·IT·통신·모바일·게임>응용프로그래머> Python|인터넷·IT·통신·모바일·게임>빅데이터·AI(인공지능)> Python|인터넷·IT·통신·모바일·게임>빅데이터·AI(인공지능)>빅데이터|인터넷·IT·통신·모바일·게임...
https://kr.indeed.com/viewjob?jk=cdf77590ecd833dc,UX Researcher (정량/포트폴리오 없는 전형),서울 강남구,최적의 방법으로 사용자의 패턴을 정량적으로 분석해요. 인터넷·IT·통신·모바일·게임>웹디자인>UI·UX디자인|인터넷·IT·통신·모바일·게임>데이터베이스·DBA>SQL|인터넷·IT·통신·모바일·게임>응용프로그래머> Python
https://kr.indeed.com/viewjob?jk=2d2659757e9ac7fb,[Creative] Cinematic FX Artist (3년 이상),서울 강남구,터넷·IT·통신·모바일·게임>게임(Game)>게임 기획|인터넷·IT·통신·모바일·게임>게임(Game)>게임디자인|인터넷·IT·통신·모바일·게임>응용프로그래머>C·C++|인터넷·IT·통신·모바일·게임>응용프로그래머> Python
https://kr.indeed.com/viewjob?jk=44e9ac7f0f94e784,한국필립모리스 2022년 상반기 수시,서울 영등포구,통신·모바일·게임>웹프로그래머> Python|인터넷·IT·통신·모바일·게임... 용프로그래머>자바스크립트|인터넷·IT·통신·모바일·게임>응용프로그래머> Python|인터넷·IT·통신·모바일·게임>시스템프로그래머>펌웨어·어셈블러|인터...
https://kr.indeed.com/viewjob?jk=fbc6af4e663e40db,데이터분석가 - Global Leading Consulting Firm,서울,모바일·게임>빅데이터·AI(인공지능)>데이터분석|인터넷·IT·통신·모바일·게임>빅데이터·AI(인공지능)> Python|인터넷·IT·통신·모바일·게임>빅데이터·AI(인공지능)>인공지능(AI)|마케팅·광고·홍보·조사>조사·분석...
https://kr.indeed.com/viewjob?jk=36909585ee88468b,2022년 하반기 인턴십(채용연계형),서울,기본적인 CS지식을 보유하고 있는 분 • Git을 통한 협업 경험과 Code Review 익숙하신 분 • Python 사용 경험이 있으신 분 • 기술문제를 깊이 분석하고 기술적 방법으로 문제를 해결하는 경험을 갖춘 분 우대...
https://kr.indeed.com/viewjob?jk=abdc136f65ceddd4,AI 분야,서울,"무를 경험하면서 조직과 함께 성장하고 싶으신 마인드를 보유하신 분 - Python 및 PyTorch, Tensorflow 등과 같은 딥러닝 프레임워크... 경력자 가능 - C/C++, Python, 딥러닝 프레임워크(PyTorch..."
https://kr.indeed.com/viewjob?jk=dc3dc2bda2f740fe,[BATTLEGROUNDS] Anti-Cheat Data Scientists (2년 이상),서울 서초구,AI(인공지능)> Python|인터넷·IT·통신·모바일·게임>빅데이터·AI(인공지능)>머신러닝|인터넷·IT·통신·모바일·게임>ERP·시스템분석·설계>데이터분석|인터넷·IT·통신·모바일·게임>응용프로그래머> Python|인터넷...
https://kr.indeed.com/viewjob?jk=4d6fa0f1b9726d7c,디지털 미디어 매니저(퍼포먼스&브랜딩) 신입/경력,서울 서초구,[우대 요건] 1) 마케팅 전공자 2) 영어 커뮤니케이션 가능자 3) Python을 통한 프로그래밍 가능자 4) 구글 및 페이스북 셀프서브 가능자 5) GA 및 써드파티 트래커 활용 가능자 마케팅·광고·홍보·조사>마케팅>온라인마케팅
https://kr.indeed.com/viewjob?jk=1e7271e69ef269da,"JAVA, Python, R, C, C++ 외 신입/경력 개발자 정규직",서울 강남구,"(주)이지서티 JAVA, Python, C, C++, C#임베디드... 게임>웹프로그래머>JAVA|인터넷·IT·통신·모바일·게임>웹프로그래머> Python|인터넷·IT·통신·모바일·게임>웹프로그래머>백엔드|인터넷·IT·통신..."
https://kr.indeed.com/viewjob?jk=78e00ca5ba2d1d71,컴퓨터비전 개발자 경력 정규직,서울 성동구,바일·게임>빅데이터·AI(인공지능)>인공지능(AI)|인터넷·IT·통신·모바일·게임>빅데이터·AI(인공지능)> Python|인터넷·IT·통신·모바일·게임>소프트웨어·하드웨어>소프트웨어|인터넷·IT·통신·모바일·게임>응용프로그래머>C·C++
https://kr.indeed.com/viewjob?jk=5a50c5d2a639b6fe,Data Engineer & Scientist,서울 영등포구,"Athena, Google Firebase/BigQuery 등) - Unix/Linux 환경 경험 - 3년 이상 Python/R/SQL/NoSQL Scripting Language 사용 및 협업 경험 우대사항 - 엔터프라이즈..."
https://kr.indeed.com/viewjob?jk=96677a787548c160,[크립토랩] 동형암호 프레임워크 이용한 파이썬 기반 동형 통계함수 개발 인턴,서울 관악구,하여 글로벌 시장 매출을 확보해 나가고 있습니다. 모집부문 및 자격요건 담당업무 자격요건 인원 [담당업무]ㆍ Python 동형암호 프레임워크 학습ㆍ개발 대상 통계함수 학습 및 코드 개발 준비 인터넷·IT·통신·모바일·게임>전산...
https://kr.indeed.com/viewjob?jk=7a5f894a986d3015,Sr.SCM (Inventory Planning Control),서울,"세스/시스템 개선 리드 자격 요건: 물류/SCM, 엔지니어링 분야 학사 이상 데이터 분석역량(SQL, Python, R 등) 5년 이상 SCM/물류 관련 분야 경력 프로세스 개선/생산성 개선관련 프로젝트 리드경험 및 개선..."
https://kr.indeed.com/viewjob?jk=7b7030fa29130657,"[신입,경력] 스마트 교통시스템 임베디드 소프트웨어 개발자",서울 구로구,"비젼, 영상 처리, 딥러닝 알고리즘 2) 사용 언어 : C, C++, Python 3) TensorFlow, Deep Learning 관련 지식 보유... 드웨어>소프트웨어|인터넷·IT·통신·모바일·게임>응용프로그래머> Python"
https://kr.indeed.com/viewjob?jk=8b6dbee8628c6409,백엔드 경력 정규직,서울 성동구,대학교(4년)졸업• 전공계열: 공학계열[다루는 프로그래밍 언어]• Python Django 또는 JAVA Spring[필수조건 (아래 조건 중 최소... 통신·모바일·게임>웹프로그래머> Python|인터넷·IT·통신·모바일·게임...
https://kr.indeed.com/viewjob?jk=f7e1a723c4af504f,"Game Operations Specialist, Pico",서울,independently promote business development... SQL or python as a plus 6. Have keen insight and strong learning ability...
https://kr.indeed.com/viewjob?jk=b9e4855cb0d16af8,하드웨어 및 펌웨어 개발자 (초급 및 중급),서울 성동구,업기사- C#/ Python Programming 가능- IoT 단말 개발- 리눅스 환경 개발#중급 우대사항- 전공 : 전자공학/정보처리/통신 관련학과- 자격증 : 정보처리기사/산업기사- C#/ Python Programming...
https://kr.indeed.com/viewjob?jk=bf39c8f95f1bdf47,"데이터 분석 위한 신입 프로그래머(Java, Python)",서울 영등포구,"Java, JSP, R, Python, 각종 DB 가능자와 AI경험자 및 영어능통자를 우대합니다.(DB기본기, js, Python, Django... 대합니다.- AI(ML, DL, Python, R 등)에 유능한 분을 우대..."
https://kr.indeed.com/viewjob?jk=40dd2b0d289f3734,"JAVA, Python 외 경력 정규직",서울 중구,인터넷·IT·통신·모바일·게임>응용프로그래머>JAVA|인터넷·IT·통신·모바일·게임>웹프로그래머> Python|인터넷·IT·통신·모바일·게임>데이터베이스·DBA>SQL
https://kr.indeed.com/viewjob?jk=df21e3bb5d773616,Python Programmer,서울 서초구,개발 – JAVA 프로그래밍(라이브러리 활용) – Spring 프레임 워크 개발 – Python API 프로그래밍 우대사항 – Python 개발 경험 – Open Source 라이브러리 개발경험 – Web 표준에 대한 경험...
https://kr.indeed.com/viewjob?jk=a9edbfb5b7ce844e,2022년도 2차 직원,충청북도 음성,웹프로그래머> Python|인터넷·IT·통신·모바일·게임>웹프로그래머>웹개발|인터넷·IT·통신·모바일·게임>응용프로그래머> Python|인터넷·IT·통신·모바일·게임>빅데이터·AI(인공지능)> Python|인터넷·IT·통신·모바일...
https://kr.indeed.com/viewjob?jk=94da06451e75b402,DBA (토스신용데이터),서울 강남구,모바일·게임>데이터베이스·DBA>SQL|인터넷·IT·통신·모바일·게임>데이터베이스·DBA>MySQL|인터넷·IT·통신·모바일·게임>데이터베이스·DBA>Oracle DB|인터넷·IT·통신·모바일·게임>응용프로그래머> Python
https://kr.indeed.com/viewjob?jk=91f00552e76ed29e,QA/테스터 엔지니어 계약직/인턴 (정규직 전환 가능),서울 중구,"있으신 분• Kurbernetes, Docker와 같은 컨테이너 환경에 익숙하거나 개발 경험이 있으신 분• Python, Javascript 등의 스크립트 언어 사용 경험이 있으신 분 1 명 근무조건 고용형태: 계약직(근무기..."
https://kr.indeed.com/viewjob?jk=b5f09ca5fc20b34a,웹프로그래머 (FrontEnd) 기업부설연구소 연구원 #python #js #FullStack #모바일,서울 용산구,"데이터 수집, 분석 및 가공 에 관련된 프로그램 개발 ( Python) REST API개발( Python)# 우대사항 javascript 개발경험 필수 python 개발 유경험자 우대 Android, iOS 개발 유경험자 우대..."
https://kr.indeed.com/viewjob?jk=303d8c644a5f2e0f,DNN 모델 개발 엔지니어,성남 분당구,통신·모바일·게임>빅데이터·AI(인공지능)>비전인식|인터넷·IT·통신·모바일·게임>빅데이터·AI(인공지능)> Python|인터넷·IT·통신·모바일·게임>빅데이터·AI(인공지능)>머신러닝|인터넷·IT·통신·모바일·게임>빅데이터...
https://kr.indeed.com/viewjob?jk=bb6ec1db50a20eac,Applied Scientist,서울,"e.g. IOT Security, Linux Security) · Experience with Python, shell scripting and R · Master’s degree in Computer Science..."
https://kr.indeed.com/viewjob?jk=287a2f9783758916,한국행동과학연구소 각 부문 수시,서울 강남구,"CSS3, 모바일 프로젝트 및 반응형 웹구축 경험, 교육이수자 백엔드개발자 - 개발 및 유지보수 - java, python, php, nodejs 사용자- oracle, mysql 등 유경험자 근무조건 경영·인사·총무·사무..."
https://kr.indeed.com/viewjob?jk=3b7dbdf85a326a6d,국내 대기업 - AI 및 딥러닝 관련 경력자,서울,"관련 전문 지식 있는 분 - Python 또는 Scala, JAVA 활용... 레임워크 활용 역량 좋은 분- 자연어처리 관련 전문 지식 있는 분- Python 또는 Scala, JAVA 활용 역량- 미디어/커머스/전자/IT 업계..."
https://kr.indeed.com/viewjob?jk=bfe0f5ac4f32ec89,추천 통계분석/데이터사이언티스트 모집,성남 판교역,"통계, 수학 관련 분야의 석사 또는 박사 학위 소지자 숙련된 데이터분석 능력 데이터 사이언스를 위한 언어( Python/R) 를 하나 이상 능숙하게 다룰 수 있으신 분 분석 결과를 설득력있게 전달할 수 있는 분 우대사항..."
https://kr.indeed.com/viewjob?jk=914e8ceceb14f5c9,"Customer Delivery Architect, Professional Services",서울,"automation through DevOps scripting (E.g. shell, Python, Ruby, Powershell) • Demonstrated ability to adapt to new..."
https://kr.indeed.com/viewjob?jk=36089807638eb8cb,Backend Engineer,서울,"학사 이상 업무 영어 회화 우대 조건 React.JS, Redis 개발 경험 TypeScript, Python 개발 경험 ZMQ, gRPC, Protobuf 등 원격 마이크로 서버 개발 경험 Linux/Unix 시스템..."
https://kr.indeed.com/viewjob?jk=e990d9ecc91ca7a7,Modelling & Simulation (M&S) Software Engineer,서울,"JavaScript, CSS3, ASP.Net, Java, JSP, Python, SQL, Linux, Apache, Mysql, and PHP... programing languages: Python, JavaScript..."
https://kr.indeed.com/viewjob?jk=3569cddb459c3fb8,"Partner Solutions Engineer, YouTube (English, Korean)",서울,"Experience using one or more... following: Java, Python, PHP, XML, HTTP, HTML... JavaScript Experience with data..."
https://kr.indeed.com/viewjob?jk=1e1065cce8bea997,[NAVER Cloud] MongoDB 데이터베이스 엔지니어 (DBA),성남 분당구,"데이터베이스 설계, 구축, 운영, 트러블 슈팅 능력- Backend 프로그래밍 협업 능력 (Node.js, Python 등)[우대사항]- 뜻있는 개발자 출신 DBA 우대- 대규모/대용량 DB 운영환경을 경험하신 분<sp 인터..."
https://kr.indeed.com/viewjob?jk=3cd339cf8959f44d,생명정보학 부문 박사졸 선임연구원 정규직 정규직,서울 서대문구,"- Python or R 활용가능 -Linux terminal 능숙 -생물학... 생명정보학, 생물정보학-외국어: 영어 회화가능,독해가능,작문가능- Python or R 활용가능- Linux terminal 능숙- 생물학 기초 수강..."
https://kr.indeed.com/viewjob?jk=e684cb2d1a258175,[KREAM] Server 개발자,성남 분당구,합니다. 인터넷·IT·통신·모바일·게임>응용프로그래머>API|인터넷·IT·통신·모바일·게임>응용프로그래머> Python|인터넷·IT·통신·모바일·게임>게임(Game)>서버·네트워크개발|인터넷·IT·통신·모바일·게임>ERP·시스...
https://kr.indeed.com/viewjob?jk=2642a83874ea6bab,"영상처리, 컴퓨터 비전 전문가 (신입/경력)",성남 수정구,"인원 [담당업무] Python, C++, MFC, C를 이용하여 - OpenCV 로 Visual SLAM 개발- MFC, Python을 이용하여 GUI... 통신·모바일·게임>응용프로그래머> Python|인터넷·IT·통신·모바일·게임..."
https://kr.indeed.com/viewjob?jk=6d0b76f65c7a3c32,(주)엘솔루 R&D본부 ASR팀 개발직,서울,터넷·IT·통신·모바일·게임>응용프로그래머>JAVA|인터넷·IT·통신·모바일·게임>응용프로그래머>Linux|인터넷·IT·통신·모바일·게임>응용프로그래머>머신러닝(ML)|인터넷·IT·통신·모바일·게임>응용프로그래머> Python
https://kr.indeed.com/viewjob?jk=c5a2d42f245aade7,[신입/경력] 데이터개발 담당자,서울 양천구,"End 개발 경력 2년 이상- Python, Java 중 한가지 언어를... 인공지능)> Python|인터넷·IT·통신·모바일·게임>ERP·시스템분석·설계>빅데이터|인터넷·IT·통신·모바일·게임>응용프로그래머> Python|인터넷..."
https://kr.indeed.com/viewjob?jk=649ccf047c868778,"금융 데이터 분석 엔진, 로보어드바이저 개발자",서울 영등포구,"시스템, 머신러닝, 자연어처리. 패턴분석 - 다음 언어에서 최소 한 가지 이상 능숙자: Java, C++, Python, JavaScript 우대사항 - 석사이상 컴퓨터공학 (Computer Science) 분야 또는..."
https://kr.indeed.com/viewjob?jk=af5683389907a8c9,백엔드 개발자 (경력),서울 역삼동,"데이터 관리 (Auth0) - 블록체인 지갑 인증 (Ethereum, EOS) [자격요건] - 백엔드 & Python 실무 개발경험 3년 이상 혹은 그에 준하는 능력을 갖고 있으신 분 - 새로운 기술에 대해 호기심을 갖고..."
https://kr.indeed.com/viewjob?jk=abff6140709d8375,Business Analyst,서울 서초구,비롯한 SQL• Tableau• Python 인터넷·IT·통신·모바일·게임... 데이터·AI(인공지능)> Python|인터넷·IT·통신·모바일·게임>데이터베이스·DBA>SQL|인터넷·IT·통신·모바일·게임>응용프로그래머> Python
https://kr.indeed.com/viewjob?jk=e85487d0d81b009b,시스템보안 담당자 채용,서울 중학동,"경험 보유 우대사항 - AWS, Azure 등 클라우드 환경의 보안서비스 운영 경험자 - Java, Python 등 프로그래밍 언어 능숙자 근무조건 [근무조건] - 근무형태 : 정규직 - 모집인원 : 명 - 근무지..."
https://kr.indeed.com/viewjob?jk=bd007e22541bf6fb,"Customer Engineer, Gaming, Google Cloud",서울,"scripting/programming languages: Java, Go, Kotlin, C#, Python, Perl... Shell Scripting. Ability to rapidly prototype..."
https://kr.indeed.com/viewjob?jk=3c1c5dc51d08cf18,Web / Spring Framework 개발자,서울 금천구,게임>웹프로그래머>JAVA|인터넷·IT·통신·모바일·게임>웹프로그래머> Python|인터넷·IT·통신·모바일·게임>웹프로그래머>ASP|인터넷·IT·통신... 통신·모바일·게임>응용프로그래머> Python|인터넷·IT·통신·모바일·게임...
https://kr.indeed.com/viewjob?jk=2f56d4b70c1df086,하반기 인턴직 모집,서울 을지로2가,"지니어 (IT 인프라 관리/운영) 서버, 네트워크 Bash, Java, Python ① 학력 : 초대졸 이상 (2020년 2월 이후 졸업/졸업예정... JavaScript, VC++, Python) 한솔 PNS IT 부문..."
https://kr.indeed.com/viewjob?jk=fa4286732b7b30d4,"[TmaxAI/R&D] NLP/음성 부문 AI모델 개발자(2022 공개, *전문연구요원 병역특례포함)",성남 분당구,"23년 2월 졸업 예정자 [음성, 자연어처리] -관련 분야의 연구 경험 / 기본 지식 보유자 -기본적인 Python 프로그래밍이 가능하신 분 [감성 분석 / 신사업 솔루션 개발] -머신러닝 및 딥러닝, 언어모델의 종류와..."
https://kr.indeed.com/viewjob?jk=40de6a4b81f8724f,[전문연구요원 신규편입/전직] 의료영상/음성인식/생체신호 연구원,서울 서초구,인공지능)>텍스트마이닝|인터넷·IT·통신·모바일·게임>빅데이터·AI(인공지능)>인공지능(AI)|인터넷·IT·통신·모바일·게임>빅데이터·AI(인공지능)> Python|인터넷·IT·통신·모바일·게임>빅데이터·AI(인공지능)>딥러닝
https://kr.indeed.com/viewjob?jk=e010f7780d479126,검색서비스 서버 개발 신입/경력,서울 관악구,"성별 : 무관 - 모집인원 : 0명 [기술 지원자격] - Linux 환경 개발 경력 - C/Java/ Python 개발 경력 - 서버 개발/운영 경력 [우대사항] - 자연어처리, 정보검색, 기계학습, 데이터 마이닝..."
https://kr.indeed.com/viewjob?jk=35f0a25dee5f3312,딥러닝 알고리즘 및 응용 Engineer,성남 분당구,모바일·게임>빅데이터·AI(인공지능)>인공지능(AI)|인터넷·IT·통신·모바일·게임>빅데이터·AI(인공지능)> Python|인터넷·IT·통신·모바일·게임>빅데이터·AI(인공지능)>머신러닝|인터넷·IT·통신·모바일·게임>빅데이터...
https://kr.indeed.com/viewjob?jk=deb0953e9eebac36,Search Operator,서울 서초구,통신·모바일·게임>빅데이터·AI(인공지능)>데이터분석|인터넷·IT·통신·모바일·게임>빅데이터·AI(인공지능)> Python|인터넷·IT·통신·모바일·게임>빅데이터·AI(인공지능)>머신러닝|인터넷·IT·통신·모바일·게임>빅데이터...
https://kr.indeed.com/viewjob?jk=a3bae7001937a7d9,Data Engineer (토스신용데이터),서울 강남구,환경을 위한 도구를 개발하고 운영해요. 인터넷·IT·통신·모바일·게임>응용프로그래머>JAVA|인터넷·IT·통신·모바일·게임>응용프로그래머> Python|인터넷·IT·통신·모바일·게임>빅데이터·AI(인공지능)>하둡(Hadoop)
https://kr.indeed.com/viewjob?jk=52049395e06b34cb,"백엔드개발자, 모바일앱 개발자, 블록체인 개발자 신입",서울 용산구,"우대사항 AWS 숙련자 php , python, 블록체인 관련 개발 경험자... spring linux SQL [우대요건] AWS 숙련자 php , python, 블록체인 관련 개발 경험자 3명 모바일앱개발(1名) [담당업무..."
https://kr.indeed.com/viewjob?jk=0bee120f408f0bed,Data Engineer (토스뱅크),서울 강남구,"분산처리하여 데이터 기반 토스뱅크 서비스에 기여해요.동료들의 분석환경( Python, SAS, ML 등)을 모두 지원가능한, 쉽게 조회가 가능한 데이터... 통신·모바일·게임>응용프로그래머> Python|인터넷·IT·통신·모바일·게임..."
https://kr.indeed.com/viewjob?jk=655882df0f82eae6,Data Engineer (Elasticsearch),서울 강남구,인터넷·IT·통신·모바일·게임>응용프로그래머>JAVA|인터넷·IT·통신·모바일·게임>응용프로그래머> Python|인터넷·IT·통신·모바일·게임>빅데이터·AI(인공지능)>하둡(Hadoop)|인터넷·IT·통신·모바일·게임>통신...
https://kr.indeed.com/viewjob?jk=dce2abed85cbe3a9,"[삼성동] Application 보안담당자 (5년이상,시니어)",서울 강남구,Global Certification에 대한 이해도가 있으신 분 - Go/ Python 등 프로그래밍에 대한 이해도가 있으신 분 - API / 바이너리... 대한 이해도가 있으신 분- Go/ Python 등 프로그래밍에 대한 이해도가...
https://kr.indeed.com/viewjob?jk=c3f824621815cebe,내비게이션 SW 품질 부문 경력,서울 강남구,모바일·게임>컨텐츠·사이트운영>웹사이트운영·테스터|인터넷·IT·통신·모바일·게임>빅데이터·AI(인공지능)> Python|인터넷·IT·통신·모바일·게임>웹기획·웹마케팅·PM>통계·로그분석|생산·정비·기능·노무>품질관리>품질보증...
https://kr.indeed.com/viewjob?jk=4e27dd1eb77d8bc5,Business Analyst_데이터 분석업무_엔터및 음악 분야 산업,서울,"분석/ 퍼포먼스 분석 유경험자 -데이터 분석 기술/역량 SQL, Python, R, Tableau 등을 이용한 데이터 분석 및 Analysis... Tableau, Python, R, SAS, SPSS, etc.) * 4..."
https://kr.indeed.com/viewjob?jk=16f76581850bcd58,"Solutions Architect II - AWS, Strategic Enterprises",서울,"development languages... Ruby, Python and Node.js Passion for evangelizing... 루비 (Ruby), 파이썬 ( Python), Node.js 등 개발자 및..."
https://kr.indeed.com/viewjob?jk=6141229c69b83068,Web Front-end 개발자,서울 서초구,"Java Script, MariaDB 개발 플랫폼 : Visual Studio Code 우대 사항 : Python, Golang, RESTful API, Node.js, CSS, Docker, AWS, Azure, GCP..."
https://kr.indeed.com/viewjob?jk=948405579172e61a,솔루션기획 신입사원 채용,서울 순화동,"접유형 담당업무 근무지 솔루션기획 (0명) 데이터분석 관련 전공 산업/컴퓨터 공학 전공 R, Python, Microstrategy, Tableau, Power BI 활용 가능자 L-TAB : 인적성진단(온라..."
https://kr.indeed.com/viewjob?jk=069c41d49e087edb,소프트웨어 CTO포지션 [상장예정 스마트 테마파크 스타트업],서울,"Our current major tech stack: • Java, Spring Boot, Nodejs, Python... our backend... major language for backends..."
https://kr.indeed.com/viewjob?jk=dbf097335d890bd0,[신입/경력] 검색서비스개발 담당자,서울 양천구,"무응시자격검색서비스개발신입/경력(1~5년)- 검색데브옵스 개발- 검색서비스 운영- NodeJS, Java, Python, Golang 중 한가지 이상 개발 경험자- Java Spring, Docker, Git, AWS에 대한..."
https://kr.indeed.com/viewjob?jk=287f5f422c269849,Market Research 담당자 채용,서울 중학동,"숙한 대내외 커뮤니케이션이 가능한 분 [우대사항] - 통계분석 및 프로그래밍 언어 역량을 보유하신 분(R, python, Data studio, SPSS, Tableau, etc) - SQL 쿼리사용 가능하신 분 - 영어로..."
https://kr.indeed.com/viewjob?jk=48c56fc0745c828e,D-lab 팀원 모집,서울 여의도,"Spark 등) - Data Pipeline 구성, 모니터링 및 성능 최적화 (Tableau 또는 Python Torch, Tensorflow 등 ML Library와 BI 분석을 위한 데이터 공급) 2) Back..."
https://kr.indeed.com/viewjob?jk=f5a8445589b3e827,마케팅 플랫폼 데이터 엔지니어링 담당자 모집,서울 구로구,"자격요건 - 데이터 엔지니어링 및 인프라 개발/운영 경력 3년 이상 또는 이제 준하는 역량 - Java, Python, Scala 중 1개 이상 사용 가능하신 분 - Hadoop ecosystem(HDFS, Spark..."
https://kr.indeed.com/viewjob?jk=e6f79134827d23a7,데이터분석 전문가 모집,서울 남대문로5가,"Data Studio R Python 담당 직무 11번가 데이터분석팀에... 용한 데이터 시각화 업무 경험이 있으신 분 •데이터 분석을 위한 R, Python등 프로그래밍 언어 활용이 가능하신 분 근무지 서울 스퀘어 지원..."
https://kr.indeed.com/viewjob?jk=62f14dfcbe55b537,"딥러닝, AI(컴퓨터비전)분야 응용 프로그래머 (병역특례 가능)",서울 금천구,Key Word #영상처리 #Computer Vision #머신러닝 #Machine Learning #Object Detection #Semantic Segmentation #딥러닝 #AI #Deep Learning #객체...
https://kr.indeed.com/viewjob?jk=0b4f18b2ea7d2ba1,[TmaxGroup/QA] QA 엔지니어 (2022 공개),성남 분당구,"경력) - Java(Spring), Python - 테스트 자동화 프레임워... 보유자 - 테스트 자동화용 Shell Script 작성 경험자 - Python 사용 경험자 *HyperCloud - K8S 사용 경험자 - 컴퓨터..."
https://kr.indeed.com/viewjob?jk=0c067de742005bfc,Associate Software Engineer (AvionX),서울,"software coding more than 1+ software languages (e.g. C, C++, Python, model based engineering and so on) Proper English..."
https://kr.indeed.com/viewjob?jk=0da8a7bcecfc856d,데이터분석 신입사원 채용,서울 순화동,"우대사항 L-TAB / 면접유형 담당업무 근무지 데이터분석 (0명) 데이터분석 관련 전공 R, Python 활용 가능자 L-TAB : 인적성진단(온라인) 면접유형 : 역량면접, PT면접, 인성면접 데이터..."
https://kr.indeed.com/viewjob?jk=5dd25746d945e947,빅데이터분석 담당자 in 자원순환 모바일 앱 스타트업,서울 성동구,AI(인공지능)>빅데이터|인터넷·IT·통신·모바일·게임>빅데이터·AI(인공지능)>데이터분석|인터넷·IT·통신·모바일·게임>빅데이터·AI(인공지능)> Python|인터넷·IT·통신·모바일·게임>빅데이터·AI(인공지능)>자연어처리
https://kr.indeed.com/viewjob?jk=b4ea95acf92f9cfe,Backend Developer (Python/Junior/2-5년 이하),서울 서초구,"니다.요기요는 국내 최대의 Python 개발 조직으로, 나아가 최고의 개발 조직이 되기 위해 노력합니다. Python 으로 server systems... 다져온 우리의 Python 개발 경험은 새로이 Python 세계에 들어오고..."
https://kr.indeed.com/viewjob?jk=3605c828757eec83,[NAVER Cloud] MLOps 서비스 개발,성남 분당구,"요역량]- 관련 경력 3년이상- Python 또는 Spring 환경에 대한... 작성, Test 자동화 인터넷·IT·통신·모바일·게임>응용프로그래머> Python|인터넷·IT·통신·모바일·게임>웹프로그래머>백엔드|인터넷·IT·통신..."
